Game,NFT,NFT Name,Tier,Owner Wallet,Kills,Survived For (milliseconds)
178,0xbf50d1ce435322d801fd2e47e88d94de1488aa61/279,Insectoids #279,DELTA,0xed125f3efc5068b8627c4adcba6a93e8eae3a1ae,4,295558
178,0xbf50d1ce435322d801fd2e47e88d94de1488aa61/292,Hounds #292,DELTA,0x5c81b2e5f6f0fcf2930c4e0d061d653d6b0d7de9,3,294060
178,0xbf50d1ce435322d801fd2e47e88d94de1488aa61/183,Insectoids #183,DELTA,0x44720a8c68d0aaf43f7c2228ca137037310e4d25,4,283161
178,0xbf50d1ce435322d801fd2e47e88d94de1488aa61/294,Insectoids #294,DELTA,0x5c81b2e5f6f0fcf2930c4e0d061d653d6b0d7de9,1,263458
178,0x555d46e0ca084b17b423134860035fe4b57c3da4/5279,null,null,0x0fad711203f44fbd3bcf8ede641277dd1cefa811,1,257882
178,0xbf50d1ce435322d801fd2e47e88d94de1488aa61/282,Hounds #282,BETA,0x153b1c39e758a58a21ea73e5038fb243c84f225b,8,256675
178,0xbf50d1ce435322d801fd2e47e88d94de1488aa61/295,Insectoids #295,DELTA,0x00e1803fbb8b50db3232d8fcb61b9868e89de693,0,238610
178,0xbf50d1ce435322d801fd2e47e88d94de1488aa61/56,Hounds #56,DELTA,0x877126425de7c3f93ea51f9523c67fa95620669b,2,223949
178,0xbf50d1ce435322d801fd2e47e88d94de1488aa61/275,Hounds #275,DELTA,0x877126425de7c3f93ea51f9523c67fa95620669b,1,209369
178,0xbf50d1ce435322d801fd2e47e88d94de1488aa61/572,Avian #572,SIGMA,0x3822fbbfa4001ee6348b8f786727388eb4d82e4b,8,202721
178,0xbf50d1ce435322d801fd2e47e88d94de1488aa61/731,Serpents #731,DELTA,0xc45cc906e4430645e2980a431b844af228216a25,2,195711
178,0xbf50d1ce435322d801fd2e47e88d94de1488aa61/771,Insectoids #771,DELTA,0x5c81b2e5f6f0fcf2930c4e0d061d653d6b0d7de9,1,194896
178,0xbf50d1ce435322d801fd2e47e88d94de1488aa61/283,Avian #283,BETA,0x1553ec813dea924ad8fc984b384cf026386298f3,0,190720
178,0x555d46e0ca084b17b423134860035fe4b57c3da4/5156,null,null,0xe76d6f8747a0e41c92567fa634335f97eb1597f4,0,187206
178,0xbf50d1ce435322d801fd2e47e88d94de1488aa61/781,Hounds #781,BETA,0x5b164eb61055a5ea9a07205dc339d95a92f861aa,6,184107
178,0xbf50d1ce435322d801fd2e47e88d94de1488aa61/290,Insectoids #290,DELTA,0x5c81b2e5f6f0fcf2930c4e0d061d653d6b0d7de9,0,174061
178,0xbf50d1ce435322d801fd2e47e88d94de1488aa61/770,Serpents #770,DELTA,0x5c81b2e5f6f0fcf2930c4e0d061d653d6b0d7de9,1,170386
178,0xbf50d1ce435322d801fd2e47e88d94de1488aa61/208,Serpents #208,DELTA,0x877126425de7c3f93ea51f9523c67fa95620669b,1,161662
178,0xbf50d1ce435322d801fd2e47e88d94de1488aa61/293,Insectoids #293,DELTA,0x5c81b2e5f6f0fcf2930c4e0d061d653d6b0d7de9,1,151084
178,0x555d46e0ca084b17b423134860035fe4b57c3da4/5237,null,null,0x3822fbbfa4001ee6348b8f786727388eb4d82e4b,3,148864
178,0xbf50d1ce435322d801fd2e47e88d94de1488aa61/798,Serpents #798,DELTA,0x877126425de7c3f93ea51f9523c67fa95620669b,0,136234
178,0xbf50d1ce435322d801fd2e47e88d94de1488aa61/247,Serpents #247,DELTA,0x072c3ee4e4c5e4eabb7f484738797fbf260f056b,5,128518
178,0xf954197eaf96c372bc1a0fab91d10a93dba59d4e/5558,null,null,0x153b1c39e758a58a21ea73e5038fb243c84f225b,2,125651
178,0xbf50d1ce435322d801fd2e47e88d94de1488aa61/337,Avian #337,DELTA,0x877126425de7c3f93ea51f9523c67fa95620669b,0,123541
178,0xbf50d1ce435322d801fd2e47e88d94de1488aa61/362,Serpents #362,DELTA,0x877126425de7c3f93ea51f9523c67fa95620669b,3,117792
178,0xbf50d1ce435322d801fd2e47e88d94de1488aa61/278,Insectoids #278,DELTA,0xed125f3efc5068b8627c4adcba6a93e8eae3a1ae,1,115695
178,0xbf50d1ce435322d801fd2e47e88d94de1488aa61/226,Avian #226,DELTA,0x072c3ee4e4c5e4eabb7f484738797fbf260f056b,2,108501
178,0xf954197eaf96c372bc1a0fab91d10a93dba59d4e/5680,null,null,0xf4fa1c4ddd5d68189a8032911cb5a3df8ce881a1,2,106742
178,0xbf50d1ce435322d801fd2e47e88d94de1488aa61/775,Insectoids #775,DELTA,0x877126425de7c3f93ea51f9523c67fa95620669b,0,103125
178,0x555d46e0ca084b17b423134860035fe4b57c3da4/4858,null,null,0x5b164eb61055a5ea9a07205dc339d95a92f861aa,2,102722
178,0xbf50d1ce435322d801fd2e47e88d94de1488aa61/592,Avian #592,DELTA,0x5c81b2e5f6f0fcf2930c4e0d061d653d6b0d7de9,0,99762
178,0xbf50d1ce435322d801fd2e47e88d94de1488aa61/385,Avian #385,BETA,0xe6d3736d2b07f9708935322ec63a0d2ce765c717,1,97664
178,0xbf50d1ce435322d801fd2e47e88d94de1488aa61/139,Insectoids #139,DELTA,0xc28912d37d73d18b6ba1bf861d4dbb8faa09b2e4,0,95079
178,0x555d46e0ca084b17b423134860035fe4b57c3da4/4811,null,null,0x0dc0d4e884a5a9d95bee21d132d46d57129a5798,1,92718
178,0xbf50d1ce435322d801fd2e47e88d94de1488aa61/382,Avian #382,BETA,0xe6d3736d2b07f9708935322ec63a0d2ce765c717,0,87691
178,0xf954197eaf96c372bc1a0fab91d10a93dba59d4e/5548,null,null,0x8b18824aa942bd4cd8410c561fa4d05b6a0a5f4a,1,86501
178,0xbf50d1ce435322d801fd2e47e88d94de1488aa61/748,Avian #748,DELTA,0x5c81b2e5f6f0fcf2930c4e0d061d653d6b0d7de9,0,79878
178,0xf954197eaf96c372bc1a0fab91d10a93dba59d4e/5560,null,null,0x1f41aa0117d9cf574c26cacf5bf816127a38867f,0,77804
178,0xbf50d1ce435322d801fd2e47e88d94de1488aa61/440,Avian #440,BETA,0x0fed63d2c138355e3ce113443c6310d0f82bfbf7,2,75953
178,0xbf50d1ce435322d801fd2e47e88d94de1488aa61/51,Insectoids #51,DELTA,0x44720a8c68d0aaf43f7c2228ca137037310e4d25,0,72966
178,0xf954197eaf96c372bc1a0fab91d10a93dba59d4e/5501,null,null,0xe6d3736d2b07f9708935322ec63a0d2ce765c717,2,72819
178,0xbf50d1ce435322d801fd2e47e88d94de1488aa61/375,Avian #375,DELTA,0x28ba94326fbf5687620ca59d8bfbd7e8b61c2926,2,70374
178,0x555d46e0ca084b17b423134860035fe4b57c3da4/4795,null,null,0xe6d3736d2b07f9708935322ec63a0d2ce765c717,4,68567
178,0x555d46e0ca084b17b423134860035fe4b57c3da4/4882,null,null,0xed125f3efc5068b8627c4adcba6a93e8eae3a1ae,1,67075
178,0xbf50d1ce435322d801fd2e47e88d94de1488aa61/432,Avian #432,DELTA,0x0dc0d4e884a5a9d95bee21d132d46d57129a5798,0,66677
178,0x555d46e0ca084b17b423134860035fe4b57c3da4/5241,null,null,0x3822fbbfa4001ee6348b8f786727388eb4d82e4b,0,62966
178,0xf954197eaf96c372bc1a0fab91d10a93dba59d4e/5604,null,null,0x28ba94326fbf5687620ca59d8bfbd7e8b61c2926,0,62333
178,0x555d46e0ca084b17b423134860035fe4b57c3da4/4946,null,null,0xc28912d37d73d18b6ba1bf861d4dbb8faa09b2e4,0,60265
178,0x555d46e0ca084b17b423134860035fe4b57c3da4/839,null,null,0x0fad711203f44fbd3bcf8ede641277dd1cefa811,0,60185
178,0xf954197eaf96c372bc1a0fab91d10a93dba59d4e/5648,null,null,0x959a221c92ba629b703d7a250b54d23298d750da,0,56285
178,0xbf50d1ce435322d801fd2e47e88d94de1488aa61/35,Avian #35,SIGMA,0x3822fbbfa4001ee6348b8f786727388eb4d82e4b,2,55245
178,0x555d46e0ca084b17b423134860035fe4b57c3da4/4886,null,null,0x00e1803fbb8b50db3232d8fcb61b9868e89de693,0,54308
178,0x555d46e0ca084b17b423134860035fe4b57c3da4/4896,null,null,0x28ba94326fbf5687620ca59d8bfbd7e8b61c2926,1,51744
178,0x555d46e0ca084b17b423134860035fe4b57c3da4/4868,null,null,0x88c44ac39ddff25d9a706fc8991469eb56b27fa3,2,49971
178,0x555d46e0ca084b17b423134860035fe4b57c3da4/4786,null,null,0x5c81b2e5f6f0fcf2930c4e0d061d653d6b0d7de9,0,48703
178,0x555d46e0ca084b17b423134860035fe4b57c3da4/4965,null,null,0xf4fa1c4ddd5d68189a8032911cb5a3df8ce881a1,0,48681
178,0xf954197eaf96c372bc1a0fab91d10a93dba59d4e/5591,null,null,0x00e1803fbb8b50db3232d8fcb61b9868e89de693,0,47666
178,0xbf50d1ce435322d801fd2e47e88d94de1488aa61/267,Serpents #267,ALPHA,0x153b1c39e758a58a21ea73e5038fb243c84f225b,1,46760
178,0xbf50d1ce435322d801fd2e47e88d94de1488aa61/631,Serpents #631,ALPHA,0x3822fbbfa4001ee6348b8f786727388eb4d82e4b,3,46593
178,0xbf50d1ce435322d801fd2e47e88d94de1488aa61/595,Serpents #595,ALPHA,0x8f3d1dc71b03a603c0b0b63d86ed9090bf04931b,1,46417
178,0xbf50d1ce435322d801fd2e47e88d94de1488aa61/598,Hounds #598,DELTA,0x0fed63d2c138355e3ce113443c6310d0f82bfbf7,0,45513
178,0xbf50d1ce435322d801fd2e47e88d94de1488aa61/101,Insectoids #101,SIGMA,0x3822fbbfa4001ee6348b8f786727388eb4d82e4b,3,45222
178,0xbf50d1ce435322d801fd2e47e88d94de1488aa61/285,Hounds #285,DELTA,0x1553ec813dea924ad8fc984b384cf026386298f3,0,43876
178,0xf954197eaf96c372bc1a0fab91d10a93dba59d4e/5543,null,null,0x1553ec813dea924ad8fc984b384cf026386298f3,0,42142
178,0xbf50d1ce435322d801fd2e47e88d94de1488aa61/20,Avian #20,ALPHA,0x88c44ac39ddff25d9a706fc8991469eb56b27fa3,0,40017
178,0xf954197eaf96c372bc1a0fab91d10a93dba59d4e/5492,null,null,0x5c81b2e5f6f0fcf2930c4e0d061d653d6b0d7de9,0,39507
178,0xf954197eaf96c372bc1a0fab91d10a93dba59d4e/5660,null,null,0xc28912d37d73d18b6ba1bf861d4dbb8faa09b2e4,3,38493
178,0xf954197eaf96c372bc1a0fab91d10a93dba59d4e/5556,null,null,0x0fed63d2c138355e3ce113443c6310d0f82bfbf7,0,37435
178,0xf954197eaf96c372bc1a0fab91d10a93dba59d4e/5587,null,null,0xed125f3efc5068b8627c4adcba6a93e8eae3a1ae,0,36784
178,0x555d46e0ca084b17b423134860035fe4b57c3da4/5239,null,null,0x3822fbbfa4001ee6348b8f786727388eb4d82e4b,0,35954
178,0xbf50d1ce435322d801fd2e47e88d94de1488aa61/792,Hounds #792,ALPHA,0x1f41aa0117d9cf574c26cacf5bf816127a38867f,2,34702
178,0xbf50d1ce435322d801fd2e47e88d94de1488aa61/57,Hounds #57,DELTA,0x877126425de7c3f93ea51f9523c67fa95620669b,0,34633
178,0xbf50d1ce435322d801fd2e47e88d94de1488aa61/684,Insectoids #684,DELTA,0x027381ba66e5b7f9d811b8535d9741e01e96e8fe,1,32547
178,0xf954197eaf96c372bc1a0fab91d10a93dba59d4e/5611,null,null,0x381b0a36e73d9e250fd7cc635c43da9fd77f1111,0,32210
178,0xbf50d1ce435322d801fd2e47e88d94de1488aa61/548,Hounds #548,ALPHA,0xe6d3736d2b07f9708935322ec63a0d2ce765c717,0,31515
178,0x555d46e0ca084b17b423134860035fe4b57c3da4/4935,null,null,0x959a221c92ba629b703d7a250b54d23298d750da,0,30984
178,0x555d46e0ca084b17b423134860035fe4b57c3da4/5238,null,null,0x3822fbbfa4001ee6348b8f786727388eb4d82e4b,0,29496
178,0x555d46e0ca084b17b423134860035fe4b57c3da4/1265,null,null,0x30e64b8e4bacc2baef74ac59d33ab230a2889d50,0,29080
178,0xbf50d1ce435322d801fd2e47e88d94de1488aa61/724,Insectoids #724,DELTA,0x381b0a36e73d9e250fd7cc635c43da9fd77f1111,0,28547
178,0xf954197eaf96c372bc1a0fab91d10a93dba59d4e/5519,null,null,0x0dc0d4e884a5a9d95bee21d132d46d57129a5798,1,27266
178,0xbf50d1ce435322d801fd2e47e88d94de1488aa61/268,Avian #268,DELTA,0x959a221c92ba629b703d7a250b54d23298d750da,0,26798
178,0xbf50d1ce435322d801fd2e47e88d94de1488aa61/434,Avian #434,ALPHA,0x3822fbbfa4001ee6348b8f786727388eb4d82e4b,1,25010
178,0xbf50d1ce435322d801fd2e47e88d94de1488aa61/773,Insectoids #773,DELTA,0x5b164eb61055a5ea9a07205dc339d95a92f861aa,0,21526
178,0xbf50d1ce435322d801fd2e47e88d94de1488aa61/273,Hounds #273,DELTA,0xf4fa1c4ddd5d68189a8032911cb5a3df8ce881a1,0,20150
178,0x555d46e0ca084b17b423134860035fe4b57c3da4/4851,null,null,0x1f41aa0117d9cf574c26cacf5bf816127a38867f,0,20072
178,0x555d46e0ca084b17b423134860035fe4b57c3da4/4949,null,null,0xc45cc906e4430645e2980a431b844af228216a25,0,19138
178,0xbf50d1ce435322d801fd2e47e88d94de1488aa61/597,Avian #597,DELTA,0x8f3d1dc71b03a603c0b0b63d86ed9090bf04931b,0,18693
178,0xbf50d1ce435322d801fd2e47e88d94de1488aa61/240,Hounds #240,BETA,0xe6d3736d2b07f9708935322ec63a0d2ce765c717,0,18159
178,0xbf50d1ce435322d801fd2e47e88d94de1488aa61/284,Serpents #284,DELTA,0x1553ec813dea924ad8fc984b384cf026386298f3,0,16007
178,0xbf50d1ce435322d801fd2e47e88d94de1488aa61/774,Avian #774,DELTA,0x88c44ac39ddff25d9a706fc8991469eb56b27fa3,0,15634
178,0xf954197eaf96c372bc1a0fab91d10a93dba59d4e/5496,null,null,0x877126425de7c3f93ea51f9523c67fa95620669b,0,15378
178,0x555d46e0ca084b17b423134860035fe4b57c3da4/4790,null,null,0x877126425de7c3f93ea51f9523c67fa95620669b,0,15182
178,0xf954197eaf96c372bc1a0fab91d10a93dba59d4e/5566,null,null,0x5b164eb61055a5ea9a07205dc339d95a92f861aa,0,14949
178,0xbf50d1ce435322d801fd2e47e88d94de1488aa61/98,Hounds #98,DELTA,0x44720a8c68d0aaf43f7c2228ca137037310e4d25,0,14156
178,0x555d46e0ca084b17b423134860035fe4b57c3da4/4836,null,null,0x1553ec813dea924ad8fc984b384cf026386298f3,0,13167
178,0xbf50d1ce435322d801fd2e47e88d94de1488aa61/542,Hounds #542,BETA,0x3822fbbfa4001ee6348b8f786727388eb4d82e4b,0,11162
178,0x555d46e0ca084b17b423134860035fe4b57c3da4/4845,null,null,0x072c3ee4e4c5e4eabb7f484738797fbf260f056b,0,10522
178,0xbf50d1ce435322d801fd2e47e88d94de1488aa61/696,Hounds #696,BETA,0xe6d3736d2b07f9708935322ec63a0d2ce765c717,0,9755
178,0xbf50d1ce435322d801fd2e47e88d94de1488aa61/611,Avian #611,BETA,0xe6d3736d2b07f9708935322ec63a0d2ce765c717,0,5743
178,0xf954197eaf96c372bc1a0fab91d10a93dba59d4e/5506,null,null,0x3822fbbfa4001ee6348b8f786727388eb4d82e4b,0,4693
null,null,Insectoids #1,DELTA,null,null,null
null,null,Avian #2,BETA,null,null,null
null,null,Insectoids #3,DELTA,null,null,null
null,null,Hounds #4,DELTA,null,null,null
null,null,Avian #5,DELTA,null,null,null
null,null,Serpents #6,DELTA,null,null,null
null,null,Insectoids #7,DELTA,null,null,null
null,null,Insectoids #8,BETA,null,null,null
null,null,Insectoids #9,BETA,null,null,null
null,null,Serpents #10,DELTA,null,null,null
null,null,Hounds #11,DELTA,null,null,null
null,null,Avian #12,DELTA,null,null,null
null,null,Avian #13,BETA,null,null,null
null,null,Insectoids #14,DELTA,null,null,null
null,null,Avian #15,DELTA,null,null,null
null,null,Avian #16,DELTA,null,null,null
null,null,Hounds #17,DELTA,null,null,null
null,null,Insectoids #18,DELTA,null,null,null
null,null,Insectoids #19,DELTA,null,null,null
null,null,Serpents #21,BETA,null,null,null
null,null,Insectoids #22,BETA,null,null,null
null,null,Hounds #23,BETA,null,null,null
null,null,Avian #24,DELTA,null,null,null
null,null,Serpents #25,DELTA,null,null,null
null,null,Hounds #26,DELTA,null,null,null
null,null,Insectoids #27,DELTA,null,null,null
null,null,Hounds #28,BETA,null,null,null
null,null,Avian #29,DELTA,null,null,null
null,null,Hounds #30,DELTA,null,null,null
null,null,Avian #31,DELTA,null,null,null
null,null,Insectoids #32,BETA,null,null,null
null,null,Serpents #33,DELTA,null,null,null
null,null,Insectoids #34,DELTA,null,null,null
null,null,Serpents #36,BETA,null,null,null
null,null,Avian #37,DELTA,null,null,null
null,null,Avian #38,BETA,null,null,null
null,null,Avian #39,DELTA,null,null,null
null,null,Insectoids #40,DELTA,null,null,null
null,null,Insectoids #41,DELTA,null,null,null
null,null,Insectoids #42,DELTA,null,null,null
null,null,Serpents #43,DELTA,null,null,null
null,null,Insectoids #44,ALPHA,null,null,null
null,null,Serpents #45,ALPHA,null,null,null
null,null,Hounds #46,DELTA,null,null,null
null,null,Serpents #47,DELTA,null,null,null
null,null,Hounds #48,BETA,null,null,null
null,null,Avian #49,DELTA,null,null,null
null,null,Insectoids #50,DELTA,null,null,null
null,null,Avian #52,DELTA,null,null,null
null,null,Hounds #53,DELTA,null,null,null
null,null,Insectoids #54,ALPHA,null,null,null
null,null,Serpents #55,BETA,null,null,null
null,null,Avian #58,DELTA,null,null,null
null,null,Insectoids #59,DELTA,null,null,null
null,null,Hounds #60,BETA,null,null,null
null,null,Hounds #61,DELTA,null,null,null
null,null,Avian #62,DELTA,null,null,null
null,null,Avian #63,DELTA,null,null,null
null,null,Avian #64,DELTA,null,null,null
null,null,Serpents #65,DELTA,null,null,null
null,null,Avian #66,BETA,null,null,null
null,null,Insectoids #67,ALPHA,null,null,null
null,null,Insectoids #68,DELTA,null,null,null
null,null,Insectoids #69,BETA,null,null,null
null,null,Insectoids #70,DELTA,null,null,null
null,null,Serpents #71,DELTA,null,null,null
null,null,Hounds #72,DELTA,null,null,null
null,null,Serpents #73,DELTA,null,null,null
null,null,Serpents #74,BETA,null,null,null
null,null,Hounds #75,DELTA,null,null,null
null,null,Insectoids #76,DELTA,null,null,null
null,null,Hounds #77,DELTA,null,null,null
null,null,Serpents #78,BETA,null,null,null
null,null,Serpents #79,DELTA,null,null,null
null,null,Avian #80,ALPHA,null,null,null
null,null,Insectoids #81,DELTA,null,null,null
null,null,Serpents #82,DELTA,null,null,null
null,null,Hounds #83,DELTA,null,null,null
null,null,Insectoids #84,DELTA,null,null,null
null,null,Serpents #85,DELTA,null,null,null
null,null,Insectoids #86,BETA,null,null,null
null,null,Serpents #87,ALPHA,null,null,null
null,null,Hounds #88,BETA,null,null,null
null,null,Avian #89,BETA,null,null,null
null,null,Serpents #90,DELTA,null,null,null
null,null,Avian #91,DELTA,null,null,null
null,null,Insectoids #92,DELTA,null,null,null
null,null,Hounds #93,BETA,null,null,null
null,null,Avian #94,DELTA,null,null,null
null,null,Avian #95,DELTA,null,null,null
null,null,Hounds #96,DELTA,null,null,null
null,null,Insectoids #97,ALPHA,null,null,null
null,null,Avian #99,DELTA,null,null,null
null,null,Insectoids #100,ALPHA,null,null,null
null,null,Hounds #102,DELTA,null,null,null
null,null,Hounds #103,DELTA,null,null,null
null,null,Hounds #104,DELTA,null,null,null
null,null,Avian #105,DELTA,null,null,null
null,null,Insectoids #106,BETA,null,null,null
null,null,Serpents #107,DELTA,null,null,null
null,null,Hounds #108,DELTA,null,null,null
null,null,Insectoids #109,ALPHA,null,null,null
null,null,Serpents #110,DELTA,null,null,null
null,null,Hounds #111,BETA,null,null,null
null,null,Avian #112,DELTA,null,null,null
null,null,Serpents #113,ALPHA,null,null,null
null,null,Avian #114,DELTA,null,null,null
null,null,Insectoids #115,BETA,null,null,null
null,null,Avian #116,DELTA,null,null,null
null,null,Avian #117,DELTA,null,null,null
null,null,Hounds #118,SIGMA,null,null,null
null,null,Serpents #119,DELTA,null,null,null
null,null,Avian #120,DELTA,null,null,null
null,null,Avian #121,DELTA,null,null,null
null,null,Insectoids #122,DELTA,null,null,null
null,null,Insectoids #123,DELTA,null,null,null
null,null,Insectoids #124,DELTA,null,null,null
null,null,Avian #125,DELTA,null,null,null
null,null,Insectoids #126,BETA,null,null,null
null,null,Serpents #127,BETA,null,null,null
null,null,Hounds #128,ALPHA,null,null,null
null,null,Serpents #129,BETA,null,null,null
null,null,Serpents #130,DELTA,null,null,null
null,null,Insectoids #131,DELTA,null,null,null
null,null,Hounds #132,BETA,null,null,null
null,null,Hounds #133,BETA,null,null,null
null,null,Hounds #134,ALPHA,null,null,null
null,null,Insectoids #135,DELTA,null,null,null
null,null,Insectoids #136,BETA,null,null,null
null,null,Avian #137,DELTA,null,null,null
null,null,Hounds #138,DELTA,null,null,null
null,null,Serpents #140,BETA,null,null,null
null,null,Avian #141,BETA,null,null,null
null,null,Hounds #142,DELTA,null,null,null
null,null,Serpents #143,DELTA,null,null,null
null,null,Avian #144,BETA,null,null,null
null,null,Serpents #145,DELTA,null,null,null
null,null,Hounds #146,DELTA,null,null,null
null,null,Serpents #147,DELTA,null,null,null
null,null,Avian #148,BETA,null,null,null
null,null,Hounds #149,BETA,null,null,null
null,null,Serpents #150,DELTA,null,null,null
null,null,Insectoids #151,BETA,null,null,null
null,null,Insectoids #152,DELTA,null,null,null
null,null,Serpents #153,BETA,null,null,null
null,null,Avian #154,DELTA,null,null,null
null,null,Insectoids #155,ALPHA,null,null,null
null,null,Hounds #156,DELTA,null,null,null
null,null,Insectoids #157,DELTA,null,null,null
null,null,Hounds #158,DELTA,null,null,null
null,null,Insectoids #159,BETA,null,null,null
null,null,Serpents #160,BETA,null,null,null
null,null,Serpents #161,ALPHA,null,null,null
null,null,Insectoids #162,DELTA,null,null,null
null,null,Insectoids #163,DELTA,null,null,null
null,null,Hounds #164,DELTA,null,null,null
null,null,Serpents #165,DELTA,null,null,null
null,null,Serpents #166,SIGMA,null,null,null
null,null,Serpents #167,BETA,null,null,null
null,null,Hounds #168,DELTA,null,null,null
null,null,Insectoids #169,DELTA,null,null,null
null,null,Avian #170,DELTA,null,null,null
null,null,Hounds #171,DELTA,null,null,null
null,null,Avian #172,DELTA,null,null,null
null,null,Serpents #173,DELTA,null,null,null
null,null,Hounds #174,BETA,null,null,null
null,null,Insectoids #175,ALPHA,null,null,null
null,null,Serpents #176,DELTA,null,null,null
null,null,Serpents #177,DELTA,null,null,null
null,null,Insectoids #178,BETA,null,null,null
null,null,Avian #179,BETA,null,null,null
null,null,Insectoids #180,BETA,null,null,null
null,null,Insectoids #181,DELTA,null,null,null
null,null,Avian #182,DELTA,null,null,null
null,null,Avian #184,BETA,null,null,null
null,null,Hounds #185,DELTA,null,null,null
null,null,Serpents #186,DELTA,null,null,null
null,null,Hounds #187,DELTA,null,null,null
null,null,Avian #188,BETA,null,null,null
null,null,Insectoids #189,DELTA,null,null,null
null,null,Serpents #190,BETA,null,null,null
null,null,Avian #191,ALPHA,null,null,null
null,null,Hounds #192,BETA,null,null,null
null,null,Insectoids #193,BETA,null,null,null
null,null,Avian #194,DELTA,null,null,null
null,null,Avian #195,BETA,null,null,null
null,null,Serpents #196,BETA,null,null,null
null,null,Avian #197,ALPHA,null,null,null
null,null,Serpents #198,BETA,null,null,null
null,null,Hounds #199,BETA,null,null,null
null,null,Hounds #200,DELTA,null,null,null
null,null,Avian #201,BETA,null,null,null
null,null,Insectoids #202,DELTA,null,null,null
null,null,Serpents #203,DELTA,null,null,null
null,null,Avian #204,DELTA,null,null,null
null,null,Avian #205,DELTA,null,null,null
null,null,Insectoids #206,BETA,null,null,null
null,null,Avian #207,DELTA,null,null,null
null,null,Insectoids #209,BETA,null,null,null
null,null,Serpents #210,DELTA,null,null,null
null,null,Avian #211,BETA,null,null,null
null,null,Avian #212,BETA,null,null,null
null,null,Serpents #213,DELTA,null,null,null
null,null,Serpents #214,DELTA,null,null,null
null,null,Hounds #215,DELTA,null,null,null
null,null,Serpents #216,BETA,null,null,null
null,null,Hounds #217,DELTA,null,null,null
null,null,Insectoids #218,DELTA,null,null,null
null,null,Hounds #219,BETA,null,null,null
null,null,Avian #220,DELTA,null,null,null
null,null,Avian #221,DELTA,null,null,null
null,null,Avian #222,BETA,null,null,null
null,null,Avian #223,DELTA,null,null,null
null,null,Insectoids #224,BETA,null,null,null
null,null,Insectoids #225,BETA,null,null,null
null,null,Insectoids #227,DELTA,null,null,null
null,null,Insectoids #228,DELTA,null,null,null
null,null,Hounds #229,ALPHA,null,null,null
null,null,Insectoids #230,ALPHA,null,null,null
null,null,Serpents #231,DELTA,null,null,null
null,null,Hounds #232,DELTA,null,null,null
null,null,Insectoids #233,DELTA,null,null,null
null,null,Serpents #234,DELTA,null,null,null
null,null,Serpents #235,BETA,null,null,null
null,null,Insectoids #236,DELTA,null,null,null
null,null,Serpents #237,DELTA,null,null,null
null,null,Avian #238,BETA,null,null,null
null,null,Serpents #239,DELTA,null,null,null
null,null,Hounds #241,BETA,null,null,null
null,null,Avian #242,DELTA,null,null,null
null,null,Avian #243,DELTA,null,null,null
null,null,Avian #244,DELTA,null,null,null
null,null,Insectoids #245,SIGMA,null,null,null
null,null,Avian #246,BETA,null,null,null
null,null,Hounds #248,DELTA,null,null,null
null,null,Hounds #249,DELTA,null,null,null
null,null,Insectoids #250,DELTA,null,null,null
null,null,Avian #251,DELTA,null,null,null
null,null,Insectoids #252,BETA,null,null,null
null,null,Serpents #253,DELTA,null,null,null
null,null,Avian #254,DELTA,null,null,null
null,null,Avian #255,DELTA,null,null,null
null,null,Serpents #256,DELTA,null,null,null
null,null,Insectoids #257,ALPHA,null,null,null
null,null,Serpents #258,ALPHA,null,null,null
null,null,Avian #259,DELTA,null,null,null
null,null,Hounds #260,DELTA,null,null,null
null,null,Serpents #261,SIGMA,null,null,null
null,null,Serpents #262,BETA,null,null,null
null,null,Avian #263,BETA,null,null,null
null,null,Insectoids #264,DELTA,null,null,null
null,null,Hounds #265,DELTA,null,null,null
null,null,Serpents #266,ALPHA,null,null,null
null,null,Serpents #269,BETA,null,null,null
null,null,Insectoids #270,DELTA,null,null,null
null,null,Avian #271,DELTA,null,null,null
null,null,Serpents #272,DELTA,null,null,null
null,null,Avian #274,BETA,null,null,null
null,null,Hounds #276,DELTA,null,null,null
null,null,Avian #277,DELTA,null,null,null
null,null,Insectoids #280,ALPHA,null,null,null
null,null,Insectoids #281,DELTA,null,null,null
null,null,Avian #286,DELTA,null,null,null
null,null,Insectoids #287,DELTA,null,null,null
null,null,Avian #288,BETA,null,null,null
null,null,Serpents #289,BETA,null,null,null
null,null,Hounds #291,ALPHA,null,null,null
null,null,Avian #296,DELTA,null,null,null
null,null,Avian #297,ALPHA,null,null,null
null,null,Hounds #298,DELTA,null,null,null
null,null,Serpents #299,DELTA,null,null,null
null,null,Hounds #300,BETA,null,null,null
null,null,Hounds #301,DELTA,null,null,null
null,null,Insectoids #302,DELTA,null,null,null
null,null,Insectoids #303,DELTA,null,null,null
null,null,Hounds #304,BETA,null,null,null
null,null,Avian #305,DELTA,null,null,null
null,null,Avian #306,DELTA,null,null,null
null,null,Hounds #307,DELTA,null,null,null
null,null,Hounds #308,DELTA,null,null,null
null,null,Serpents #309,DELTA,null,null,null
null,null,Serpents #310,DELTA,null,null,null
null,null,Insectoids #311,DELTA,null,null,null
null,null,Avian #312,DELTA,null,null,null
null,null,Serpents #313,BETA,null,null,null
null,null,Insectoids #314,DELTA,null,null,null
null,null,Hounds #315,DELTA,null,null,null
null,null,Serpents #316,DELTA,null,null,null
null,null,Hounds #317,BETA,null,null,null
null,null,Avian #318,DELTA,null,null,null
null,null,Hounds #319,BETA,null,null,null
null,null,Hounds #320,DELTA,null,null,null
null,null,Serpents #321,DELTA,null,null,null
null,null,Hounds #322,DELTA,null,null,null
null,null,Hounds #323,DELTA,null,null,null
null,null,Avian #324,DELTA,null,null,null
null,null,Serpents #325,DELTA,null,null,null
null,null,Insectoids #326,DELTA,null,null,null
null,null,Insectoids #327,DELTA,null,null,null
null,null,Serpents #328,ALPHA,null,null,null
null,null,Hounds #329,DELTA,null,null,null
null,null,Hounds #330,DELTA,null,null,null
null,null,Hounds #331,SIGMA,null,null,null
null,null,Serpents #332,BETA,null,null,null
null,null,Hounds #333,BETA,null,null,null
null,null,Hounds #334,DELTA,null,null,null
null,null,Insectoids #335,DELTA,null,null,null
null,null,Avian #336,DELTA,null,null,null
null,null,Avian #338,BETA,null,null,null
null,null,Avian #339,DELTA,null,null,null
null,null,Serpents #340,BETA,null,null,null
null,null,Avian #341,DELTA,null,null,null
null,null,Hounds #342,DELTA,null,null,null
null,null,Hounds #343,DELTA,null,null,null
null,null,Hounds #344,DELTA,null,null,null
null,null,Hounds #345,DELTA,null,null,null
null,null,Hounds #346,DELTA,null,null,null
null,null,Avian #347,DELTA,null,null,null
null,null,Serpents #348,DELTA,null,null,null
null,null,Hounds #349,BETA,null,null,null
null,null,Serpents #350,DELTA,null,null,null
null,null,Serpents #351,DELTA,null,null,null
null,null,Avian #352,DELTA,null,null,null
null,null,Hounds #353,DELTA,null,null,null
null,null,Serpents #354,DELTA,null,null,null
null,null,Serpents #355,DELTA,null,null,null
null,null,Hounds #356,DELTA,null,null,null
null,null,Insectoids #357,DELTA,null,null,null
null,null,Hounds #358,BETA,null,null,null
null,null,Avian #359,BETA,null,null,null
null,null,Serpents #360,BETA,null,null,null
null,null,Hounds #361,DELTA,null,null,null
null,null,Avian #363,DELTA,null,null,null
null,null,Hounds #364,DELTA,null,null,null
null,null,Avian #365,DELTA,null,null,null
null,null,Hounds #366,ALPHA,null,null,null
null,null,Hounds #367,ALPHA,null,null,null
null,null,Avian #368,DELTA,null,null,null
null,null,Hounds #369,DELTA,null,null,null
null,null,Insectoids #370,DELTA,null,null,null
null,null,Serpents #371,DELTA,null,null,null
null,null,Insectoids #372,BETA,null,null,null
null,null,Insectoids #373,DELTA,null,null,null
null,null,Insectoids #374,BETA,null,null,null
null,null,Hounds #376,BETA,null,null,null
null,null,Insectoids #377,DELTA,null,null,null
null,null,Hounds #378,DELTA,null,null,null
null,null,Serpents #379,DELTA,null,null,null
null,null,Serpents #380,BETA,null,null,null
null,null,Insectoids #381,DELTA,null,null,null
null,null,Serpents #383,DELTA,null,null,null
null,null,Avian #384,BETA,null,null,null
null,null,Hounds #386,BETA,null,null,null
null,null,Insectoids #387,DELTA,null,null,null
null,null,Insectoids #388,DELTA,null,null,null
null,null,Serpents #389,DELTA,null,null,null
null,null,Avian #390,BETA,null,null,null
null,null,Serpents #391,DELTA,null,null,null
null,null,Insectoids #392,BETA,null,null,null
null,null,Hounds #393,BETA,null,null,null
null,null,Hounds #394,DELTA,null,null,null
null,null,Serpents #395,ALPHA,null,null,null
null,null,Serpents #396,DELTA,null,null,null
null,null,Serpents #397,DELTA,null,null,null
null,null,Hounds #398,ALPHA,null,null,null
null,null,Avian #399,ALPHA,null,null,null
null,null,Serpents #400,DELTA,null,null,null
null,null,Avian #401,DELTA,null,null,null
null,null,Serpents #402,DELTA,null,null,null
null,null,Serpents #403,DELTA,null,null,null
null,null,Insectoids #404,DELTA,null,null,null
null,null,Avian #405,DELTA,null,null,null
null,null,Insectoids #406,DELTA,null,null,null
null,null,Serpents #407,DELTA,null,null,null
null,null,Insectoids #408,DELTA,null,null,null
null,null,Hounds #409,DELTA,null,null,null
null,null,Serpents #410,BETA,null,null,null
null,null,Avian #411,DELTA,null,null,null
null,null,Hounds #412,DELTA,null,null,null
null,null,Avian #413,DELTA,null,null,null
null,null,Hounds #414,BETA,null,null,null
null,null,Hounds #415,DELTA,null,null,null
null,null,Hounds #416,ALPHA,null,null,null
null,null,Insectoids #417,BETA,null,null,null
null,null,Avian #418,BETA,null,null,null
null,null,Hounds #419,ALPHA,null,null,null
null,null,Insectoids #420,DELTA,null,null,null
null,null,Insectoids #421,BETA,null,null,null
null,null,Hounds #422,ALPHA,null,null,null
null,null,Insectoids #423,DELTA,null,null,null
null,null,Serpents #424,BETA,null,null,null
null,null,Insectoids #425,DELTA,null,null,null
null,null,Hounds #426,DELTA,null,null,null
null,null,Serpents #427,DELTA,null,null,null
null,null,Hounds #428,DELTA,null,null,null
null,null,Insectoids #429,DELTA,null,null,null
null,null,Hounds #430,BETA,null,null,null
null,null,Insectoids #431,DELTA,null,null,null
null,null,Hounds #433,BETA,null,null,null
null,null,Serpents #435,BETA,null,null,null
null,null,Avian #436,DELTA,null,null,null
null,null,Avian #437,DELTA,null,null,null
null,null,Insectoids #438,BETA,null,null,null
null,null,Insectoids #439,ALPHA,null,null,null
null,null,Avian #441,BETA,null,null,null
null,null,Insectoids #442,DELTA,null,null,null
null,null,Avian #443,BETA,null,null,null
null,null,Serpents #444,DELTA,null,null,null
null,null,Insectoids #445,BETA,null,null,null
null,null,Insectoids #446,BETA,null,null,null
null,null,Serpents #447,BETA,null,null,null
null,null,Insectoids #448,DELTA,null,null,null
null,null,Insectoids #449,BETA,null,null,null
null,null,Serpents #450,ALPHA,null,null,null
null,null,Insectoids #451,BETA,null,null,null
null,null,Hounds #452,DELTA,null,null,null
null,null,Serpents #453,BETA,null,null,null
null,null,Insectoids #454,DELTA,null,null,null
null,null,Serpents #455,BETA,null,null,null
null,null,Insectoids #456,DELTA,null,null,null
null,null,Insectoids #457,DELTA,null,null,null
null,null,Hounds #458,DELTA,null,null,null
null,null,Insectoids #459,BETA,null,null,null
null,null,Serpents #460,DELTA,null,null,null
null,null,Serpents #461,DELTA,null,null,null
null,null,Hounds #462,BETA,null,null,null
null,null,Hounds #463,DELTA,null,null,null
null,null,Serpents #464,BETA,null,null,null
null,null,Avian #465,BETA,null,null,null
null,null,Hounds #466,DELTA,null,null,null
null,null,Hounds #467,BETA,null,null,null
null,null,Avian #468,DELTA,null,null,null
null,null,Hounds #469,DELTA,null,null,null
null,null,Hounds #470,DELTA,null,null,null
null,null,Avian #471,DELTA,null,null,null
null,null,Serpents #472,BETA,null,null,null
null,null,Avian #473,ALPHA,null,null,null
null,null,Serpents #474,DELTA,null,null,null
null,null,Avian #475,ALPHA,null,null,null
null,null,Insectoids #476,BETA,null,null,null
null,null,Insectoids #477,DELTA,null,null,null
null,null,Avian #478,DELTA,null,null,null
null,null,Serpents #479,DELTA,null,null,null
null,null,Hounds #480,DELTA,null,null,null
null,null,Insectoids #481,DELTA,null,null,null
null,null,Insectoids #482,DELTA,null,null,null
null,null,Hounds #483,DELTA,null,null,null
null,null,Insectoids #484,DELTA,null,null,null
null,null,Hounds #485,DELTA,null,null,null
null,null,Avian #486,DELTA,null,null,null
null,null,Serpents #487,DELTA,null,null,null
null,null,Hounds #488,DELTA,null,null,null
null,null,Hounds #489,DELTA,null,null,null
null,null,Serpents #490,BETA,null,null,null
null,null,Avian #491,BETA,null,null,null
null,null,Serpents #492,ALPHA,null,null,null
null,null,Serpents #493,DELTA,null,null,null
null,null,Insectoids #494,DELTA,null,null,null
null,null,Avian #495,DELTA,null,null,null
null,null,Serpents #496,DELTA,null,null,null
null,null,Serpents #497,BETA,null,null,null
null,null,Serpents #498,DELTA,null,null,null
null,null,Avian #499,BETA,null,null,null
null,null,Insectoids #500,BETA,null,null,null
null,null,Hounds #501,DELTA,null,null,null
null,null,Serpents #502,DELTA,null,null,null
null,null,Avian #503,ALPHA,null,null,null
null,null,Serpents #504,DELTA,null,null,null
null,null,Insectoids #505,DELTA,null,null,null
null,null,Avian #506,DELTA,null,null,null
null,null,Avian #507,DELTA,null,null,null
null,null,Avian #508,DELTA,null,null,null
null,null,Hounds #509,DELTA,null,null,null
null,null,Avian #510,DELTA,null,null,null
null,null,Serpents #511,BETA,null,null,null
null,null,Insectoids #512,BETA,null,null,null
null,null,Insectoids #513,DELTA,null,null,null
null,null,Avian #514,DELTA,null,null,null
null,null,Serpents #515,BETA,null,null,null
null,null,Serpents #516,DELTA,null,null,null
null,null,Avian #517,DELTA,null,null,null
null,null,Insectoids #518,BETA,null,null,null
null,null,Serpents #519,DELTA,null,null,null
null,null,Serpents #520,BETA,null,null,null
null,null,Serpents #521,BETA,null,null,null
null,null,Hounds #522,DELTA,null,null,null
null,null,Serpents #523,DELTA,null,null,null
null,null,Avian #524,ALPHA,null,null,null
null,null,Hounds #525,DELTA,null,null,null
null,null,Insectoids #526,ALPHA,null,null,null
null,null,Insectoids #527,BETA,null,null,null
null,null,Insectoids #528,DELTA,null,null,null
null,null,Hounds #529,BETA,null,null,null
null,null,Avian #530,DELTA,null,null,null
null,null,Avian #531,DELTA,null,null,null
null,null,Hounds #532,DELTA,null,null,null
null,null,Insectoids #533,ALPHA,null,null,null
null,null,Avian #534,DELTA,null,null,null
null,null,Avian #535,DELTA,null,null,null
null,null,Insectoids #536,DELTA,null,null,null
null,null,Avian #537,DELTA,null,null,null
null,null,Hounds #538,DELTA,null,null,null
null,null,Serpents #539,DELTA,null,null,null
null,null,Serpents #540,DELTA,null,null,null
null,null,Insectoids #541,BETA,null,null,null
null,null,Avian #543,ALPHA,null,null,null
null,null,Insectoids #544,DELTA,null,null,null
null,null,Serpents #545,DELTA,null,null,null
null,null,Hounds #546,DELTA,null,null,null
null,null,Hounds #547,DELTA,null,null,null
null,null,Insectoids #549,DELTA,null,null,null
null,null,Hounds #550,DELTA,null,null,null
null,null,Insectoids #551,DELTA,null,null,null
null,null,Avian #552,BETA,null,null,null
null,null,Hounds #553,DELTA,null,null,null
null,null,Serpents #554,DELTA,null,null,null
null,null,Insectoids #555,DELTA,null,null,null
null,null,Serpents #556,BETA,null,null,null
null,null,Serpents #557,DELTA,null,null,null
null,null,Hounds #558,DELTA,null,null,null
null,null,Avian #559,DELTA,null,null,null
null,null,Hounds #560,DELTA,null,null,null
null,null,Avian #561,DELTA,null,null,null
null,null,Avian #562,BETA,null,null,null
null,null,Serpents #563,ALPHA,null,null,null
null,null,Avian #564,DELTA,null,null,null
null,null,Hounds #565,DELTA,null,null,null
null,null,Serpents #566,BETA,null,null,null
null,null,Serpents #567,ALPHA,null,null,null
null,null,Serpents #568,DELTA,null,null,null
null,null,Avian #569,BETA,null,null,null
null,null,Hounds #570,DELTA,null,null,null
null,null,Avian #571,BETA,null,null,null
null,null,Serpents #573,ALPHA,null,null,null
null,null,Serpents #574,DELTA,null,null,null
null,null,Insectoids #575,DELTA,null,null,null
null,null,Avian #576,DELTA,null,null,null
null,null,Serpents #577,DELTA,null,null,null
null,null,Serpents #578,DELTA,null,null,null
null,null,Serpents #579,BETA,null,null,null
null,null,Serpents #580,DELTA,null,null,null
null,null,Insectoids #581,DELTA,null,null,null
null,null,Serpents #582,DELTA,null,null,null
null,null,Avian #583,BETA,null,null,null
null,null,Serpents #584,DELTA,null,null,null
null,null,Hounds #585,DELTA,null,null,null
null,null,Hounds #586,ALPHA,null,null,null
null,null,Insectoids #587,DELTA,null,null,null
null,null,Hounds #588,DELTA,null,null,null
null,null,Hounds #589,DELTA,null,null,null
null,null,Hounds #590,BETA,null,null,null
null,null,Avian #591,DELTA,null,null,null
null,null,Serpents #593,DELTA,null,null,null
null,null,Avian #594,BETA,null,null,null
null,null,Serpents #596,ALPHA,null,null,null
null,null,Insectoids #599,DELTA,null,null,null
null,null,Serpents #600,DELTA,null,null,null
null,null,Serpents #601,DELTA,null,null,null
null,null,Avian #602,ALPHA,null,null,null
null,null,Serpents #603,DELTA,null,null,null
null,null,Hounds #604,DELTA,null,null,null
null,null,Serpents #605,DELTA,null,null,null
null,null,Avian #606,DELTA,null,null,null
null,null,Serpents #607,DELTA,null,null,null
null,null,Insectoids #608,BETA,null,null,null
null,null,Insectoids #609,BETA,null,null,null
null,null,Insectoids #610,DELTA,null,null,null
null,null,Hounds #612,DELTA,null,null,null
null,null,Avian #613,ALPHA,null,null,null
null,null,Serpents #614,DELTA,null,null,null
null,null,Serpents #615,ALPHA,null,null,null
null,null,Insectoids #616,DELTA,null,null,null
null,null,Hounds #617,DELTA,null,null,null
null,null,Insectoids #618,DELTA,null,null,null
null,null,Serpents #619,BETA,null,null,null
null,null,Insectoids #620,BETA,null,null,null
null,null,Insectoids #621,DELTA,null,null,null
null,null,Avian #622,DELTA,null,null,null
null,null,Hounds #623,DELTA,null,null,null
null,null,Insectoids #624,DELTA,null,null,null
null,null,Serpents #625,DELTA,null,null,null
null,null,Avian #626,DELTA,null,null,null
null,null,Serpents #627,DELTA,null,null,null
null,null,Serpents #628,BETA,null,null,null
null,null,Hounds #629,DELTA,null,null,null
null,null,Insectoids #630,DELTA,null,null,null
null,null,Insectoids #632,DELTA,null,null,null
null,null,Serpents #633,DELTA,null,null,null
null,null,Insectoids #634,DELTA,null,null,null
null,null,Serpents #635,DELTA,null,null,null
null,null,Serpents #636,DELTA,null,null,null
null,null,Insectoids #637,DELTA,null,null,null
null,null,Serpents #638,DELTA,null,null,null
null,null,Serpents #639,DELTA,null,null,null
null,null,Avian #640,DELTA,null,null,null
null,null,Avian #641,DELTA,null,null,null
null,null,Insectoids #642,DELTA,null,null,null
null,null,Serpents #643,DELTA,null,null,null
null,null,Serpents #644,BETA,null,null,null
null,null,Hounds #645,DELTA,null,null,null
null,null,Hounds #646,BETA,null,null,null
null,null,Avian #647,DELTA,null,null,null
null,null,Hounds #648,DELTA,null,null,null
null,null,Hounds #649,DELTA,null,null,null
null,null,Insectoids #650,DELTA,null,null,null
null,null,Avian #651,DELTA,null,null,null
null,null,Hounds #652,DELTA,null,null,null
null,null,Hounds #653,DELTA,null,null,null
null,null,Avian #654,DELTA,null,null,null
null,null,Avian #655,DELTA,null,null,null
null,null,Avian #656,DELTA,null,null,null
null,null,Avian #657,BETA,null,null,null
null,null,Hounds #658,DELTA,null,null,null
null,null,Insectoids #659,DELTA,null,null,null
null,null,Avian #660,ALPHA,null,null,null
null,null,Hounds #661,DELTA,null,null,null
null,null,Hounds #662,BETA,null,null,null
null,null,Avian #663,DELTA,null,null,null
null,null,Hounds #664,BETA,null,null,null
null,null,Serpents #665,DELTA,null,null,null
null,null,Hounds #666,DELTA,null,null,null
null,null,Hounds #667,BETA,null,null,null
null,null,Serpents #668,BETA,null,null,null
null,null,Avian #669,ALPHA,null,null,null
null,null,Hounds #670,BETA,null,null,null
null,null,Hounds #671,ALPHA,null,null,null
null,null,Serpents #672,DELTA,null,null,null
null,null,Serpents #673,BETA,null,null,null
null,null,Hounds #674,BETA,null,null,null
null,null,Hounds #675,ALPHA,null,null,null
null,null,Hounds #676,DELTA,null,null,null
null,null,Serpents #677,BETA,null,null,null
null,null,Avian #678,BETA,null,null,null
null,null,Avian #679,DELTA,null,null,null
null,null,Hounds #680,DELTA,null,null,null
null,null,Serpents #681,DELTA,null,null,null
null,null,Insectoids #682,BETA,null,null,null
null,null,Hounds #683,DELTA,null,null,null
null,null,Serpents #685,DELTA,null,null,null
null,null,Avian #686,DELTA,null,null,null
null,null,Insectoids #687,DELTA,null,null,null
null,null,Avian #688,DELTA,null,null,null
null,null,Avian #689,DELTA,null,null,null
null,null,Insectoids #690,DELTA,null,null,null
null,null,Avian #691,DELTA,null,null,null
null,null,Serpents #692,DELTA,null,null,null
null,null,Hounds #693,BETA,null,null,null
null,null,Insectoids #694,DELTA,null,null,null
null,null,Hounds #695,DELTA,null,null,null
null,null,Hounds #697,BETA,null,null,null
null,null,Hounds #698,DELTA,null,null,null
null,null,Insectoids #699,ALPHA,null,null,null
null,null,Avian #700,DELTA,null,null,null
null,null,Hounds #701,BETA,null,null,null
null,null,Hounds #702,DELTA,null,null,null
null,null,Avian #703,DELTA,null,null,null
null,null,Insectoids #704,DELTA,null,null,null
null,null,Serpents #705,DELTA,null,null,null
null,null,Insectoids #706,ALPHA,null,null,null
null,null,Serpents #707,DELTA,null,null,null
null,null,Insectoids #708,BETA,null,null,null
null,null,Insectoids #709,DELTA,null,null,null
null,null,Serpents #710,DELTA,null,null,null
null,null,Avian #711,DELTA,null,null,null
null,null,Hounds #712,DELTA,null,null,null
null,null,Hounds #713,DELTA,null,null,null
null,null,Serpents #714,DELTA,null,null,null
null,null,Avian #715,BETA,null,null,null
null,null,Insectoids #716,BETA,null,null,null
null,null,Avian #717,BETA,null,null,null
null,null,Hounds #718,DELTA,null,null,null
null,null,Hounds #719,DELTA,null,null,null
null,null,Serpents #720,DELTA,null,null,null
null,null,Avian #721,BETA,null,null,null
null,null,Insectoids #722,BETA,null,null,null
null,null,Serpents #723,DELTA,null,null,null
null,null,Insectoids #725,DELTA,null,null,null
null,null,Insectoids #726,BETA,null,null,null
null,null,Avian #727,BETA,null,null,null
null,null,Serpents #728,DELTA,null,null,null
null,null,Insectoids #729,DELTA,null,null,null
null,null,Insectoids #730,DELTA,null,null,null
null,null,Insectoids #732,DELTA,null,null,null
null,null,Avian #733,DELTA,null,null,null
null,null,Avian #734,DELTA,null,null,null
null,null,Insectoids #735,ALPHA,null,null,null
null,null,Avian #736,ALPHA,null,null,null
null,null,Avian #737,DELTA,null,null,null
null,null,Hounds #738,ALPHA,null,null,null
null,null,Serpents #739,DELTA,null,null,null
null,null,Hounds #740,BETA,null,null,null
null,null,Insectoids #741,DELTA,null,null,null
null,null,Hounds #742,DELTA,null,null,null
null,null,Insectoids #743,BETA,null,null,null
null,null,Avian #744,DELTA,null,null,null
null,null,Hounds #745,BETA,null,null,null
null,null,Hounds #746,BETA,null,null,null
null,null,Insectoids #747,DELTA,null,null,null
null,null,Insectoids #749,DELTA,null,null,null
null,null,Avian #750,BETA,null,null,null
null,null,Insectoids #751,BETA,null,null,null
null,null,Avian #752,DELTA,null,null,null
null,null,Hounds #753,DELTA,null,null,null
null,null,Serpents #754,DELTA,null,null,null
null,null,Insectoids #755,DELTA,null,null,null
null,null,Insectoids #756,DELTA,null,null,null
null,null,Serpents #757,DELTA,null,null,null
null,null,Insectoids #758,BETA,null,null,null
null,null,Hounds #759,DELTA,null,null,null
null,null,Avian #760,DELTA,null,null,null
null,null,Insectoids #761,BETA,null,null,null
null,null,Avian #762,ALPHA,null,null,null
null,null,Avian #763,DELTA,null,null,null
null,null,Avian #764,DELTA,null,null,null
null,null,Insectoids #765,DELTA,null,null,null
null,null,Insectoids #766,DELTA,null,null,null
null,null,Hounds #767,ALPHA,null,null,null
null,null,Serpents #768,DELTA,null,null,null
null,null,Insectoids #769,BETA,null,null,null
null,null,Hounds #772,DELTA,null,null,null
null,null,Avian #776,DELTA,null,null,null
null,null,Avian #777,DELTA,null,null,null
null,null,Avian #778,DELTA,null,null,null
null,null,Insectoids #779,ALPHA,null,null,null
null,null,Hounds #780,DELTA,null,null,null
null,null,Serpents #782,BETA,null,null,null
null,null,Hounds #783,DELTA,null,null,null
null,null,Hounds #784,ALPHA,null,null,null
null,null,Serpents #785,DELTA,null,null,null
null,null,Avian #786,DELTA,null,null,null
null,null,Serpents #787,BETA,null,null,null
null,null,Insectoids #788,DELTA,null,null,null
null,null,Serpents #789,BETA,null,null,null
null,null,Hounds #790,BETA,null,null,null
null,null,Serpents #791,DELTA,null,null,null
null,null,Serpents #793,DELTA,null,null,null
null,null,Hounds #794,DELTA,null,null,null
null,null,Serpents #795,DELTA,null,null,null
null,null,Serpents #796,DELTA,null,null,null
null,null,Serpents #797,DELTA,null,null,null
null,null,Avian #799,BETA,null,null,null
null,null,Insectoids #800,DELTA,null,null,null